#,Name,Team,G,PA,HR,R,RBI,SB,BB%,K%,ISO,BABIP,AVG,OBP,SLG,wOBA,xwOBA,wRC+,BsR,Off,Def,WAR
1,Aaron Judge,NYY,158,704,58,122,144,10,18.90%,24.30%,0.379,0.367,0.322,0.458,0.701,0.476,0.484,218,-0.4,95,-9.9,11.2
2,Shohei Ohtani,LAD,159,731,54,134,130,59,11.10%,22.20%,0.336,0.336,0.31,0.39,0.646,0.431,0.448,181,9.8,80.7,-17.2,9.1
3,Kyle Tucker,HOU,78,339,23,56,49,11,16.50%,15.90%,0.296,0.282,0.289,0.408,0.585,0.419,0.407,180,-0.3,30.7,-1.5,4.2
4,Juan Soto,NYY,157,713,41,128,109,7,18.10%,16.70%,0.281,0.298,0.288,0.419,0.569,0.421,0.463,180,-3.8,61.1,-6.1,8.1
5,Yordan Alvarez,HOU,147,635,35,88,86,6,10.90%,15.00%,0.259,0.317,0.308,0.392,0.567,0.402,0.414,168,-2.9,46.4,-16.6,5.3
6,Bobby Witt Jr.,KCR,161,709,32,125,109,31,8.00%,15.00%,0.256,0.354,0.332,0.389,0.588,0.41,0.413,168,4.5,59.3,17.5,10.4
7,Vladimir Guerrero Jr.,TOR,159,697,30,98,103,2,10.30%,13.80%,0.221,0.342,0.323,0.396,0.544,0.398,0.41,165,-5.6,46.3,-16.7,5.5
8,Brent Rooker,OAK,145,614,39,82,112,11,9.60%,28.80%,0.269,0.362,0.293,0.365,0.562,0.392,0.383,164,0.8,45.5,-16.6,5.1
9,Kerry Carpenter,DET,87,296,18,37,57,0,7.40%,25.30%,0.303,0.328,0.284,0.345,0.587,0.39,0.385,160,-1.7,18.5,-5.5,2.4
10,Carlos Correa,MIN,86,367,14,55,54,0,10.90%,16.60%,0.207,0.343,0.31,0.388,0.517,0.385,0.359,155,-0.6,22.7,6.4,4.3
11,Matt Wallner,MIN,75,261,13,26,37,3,9.20%,36.40%,0.264,0.389,0.259,0.372,0.523,0.385,0.359,155,-0.1,16.5,-4.9,2.1
12,Gunnar Henderson,BAL,159,719,37,118,92,21,10.80%,22.10%,0.248,0.32,0.281,0.364,0.529,0.381,0.379,155,4,49,4.7,8
13,Marcell Ozuna,ATL,162,688,39,96,104,1,10.80%,24.70%,0.244,0.359,0.302,0.378,0.546,0.395,0.405,154,-4.6,39.8,-17.5,4.7
14,Christian Yelich,MIL,73,315,11,44,42,21,12.70%,18.40%,0.189,0.366,0.315,0.406,0.504,0.391,0.376,153,4.7,24.5,-5.9,3
15,Joc Pederson,ARI,132,449,23,62,64,7,12.20%,23.40%,0.24,0.322,0.275,0.393,0.515,0.391,0.381,151,-1.1,26.4,-12.6,3
16,Ketel Marte,ARI,136,583,36,93,95,7,11.10%,18.20%,0.268,0.299,0.292,0.372,0.56,0.391,0.395,151,0.9,36.6,4.8,6.3
17,Bryce Harper,PHI,145,631,30,85,87,7,12.00%,21.90%,0.24,0.331,0.285,0.373,0.525,0.38,0.361,145,-0.5,33.5,-4.3,5.2
18,Byron Buxton,MIN,102,388,18,62,56,7,5.20%,25.50%,0.245,0.338,0.279,0.335,0.524,0.366,0.358,142,2.8,21.3,1.3,3.7
19,José Ramírez,CLE,158,682,39,114,118,41,7.90%,12.00%,0.258,0.265,0.279,0.335,0.537,0.364,0.332,141,6.3,38.5,1.3,6.5
20,Mookie Betts,LAD,116,516,19,75,75,16,11.80%,11.00%,0.202,0.294,0.289,0.372,0.491,0.371,0.363,141,0.6,25.9,-0.6,4.4
21,Victor Robles,2 Tms,91,295,4,44,28,34,7.10%,18.00%,0.126,0.37,0.307,0.381,0.433,0.357,0.328,141,7,20.7,-0.4,3.1
22,Corey Seager,TEX,123,533,30,68,74,1,9.90%,18.00%,0.234,0.291,0.278,0.353,0.512,0.365,0.394,140,-5.2,19.4,6.8,4.5
23,Willson Contreras,STL,84,358,15,48,36,4,12.60%,26.80%,0.206,0.337,0.262,0.38,0.468,0.37,0.366,140,-1.7,15.6,-1.8,2.6
24,Jurickson Profar,SDP,158,668,24,94,85,10,11.40%,15.10%,0.179,0.302,0.28,0.38,0.459,0.365,0.364,139,-0.8,30.6,-11.1,4.3
25,Randal Grichuk,ARI,106,279,12,40,46,0,7.20%,16.50%,0.236,0.313,0.291,0.348,0.528,0.373,0.368,139,0.6,13.6,-8,1.5
26,Seiya Suzuki,CHC,132,585,21,74,73,16,10.80%,27.40%,0.199,0.37,0.283,0.366,0.482,0.365,0.348,138,-0.8,25.7,-10.8,3.6
27,Francisco Lindor,NYM,152,689,33,107,91,29,8.10%,18.40%,0.227,0.295,0.273,0.344,0.5,0.363,0.382,137,4,34.8,17.4,7.8
28,Freddie Freeman,LAD,147,638,22,81,89,9,12.20%,15.70%,0.194,0.306,0.282,0.378,0.476,0.365,0.37,137,-1.4,27,-9,4
29,Jose Iglesias,NYM,85,291,4,39,26,6,4.10%,13.40%,0.111,0.382,0.337,0.381,0.448,0.362,0.312,137,-0.2,12.6,2.3,2.5
30,Kyle Schwarber,PHI,150,692,38,110,104,5,15.30%,28.50%,0.237,0.301,0.248,0.366,0.485,0.366,0.38,135,-2.4,26.8,-16.7,3.4
31,Riley Greene,DET,137,584,24,82,74,4,11.00%,26.70%,0.217,0.329,0.262,0.348,0.479,0.355,0.357,135,-0.2,23.2,-3.9,4
32,Fernando Tatis Jr.,SDP,102,438,21,64,49,11,7.30%,21.90%,0.216,0.316,0.276,0.34,0.492,0.359,0.393,135,0,18.2,-1.6,3.2
33,Max Muncy,LAD,73,293,15,47,48,1,15.40%,26.30%,0.262,0.265,0.232,0.358,0.494,0.362,0.353,135,-0.5,11.7,1.3,2.4
34,Rafael Devers,BOS,138,601,28,87,83,3,11.10%,24.50%,0.244,0.323,0.272,0.354,0.516,0.364,0.366,134,-0.9,22.5,-2.6,4.1
35,Teoscar Hernández,LAD,154,652,33,84,99,12,8.10%,28.80%,0.229,0.344,0.272,0.339,0.501,0.36,0.348,134,0.6,26.8,-14.8,3.5
36,Mark Vientos,NYM,111,454,27,58,71,0,7.30%,29.70%,0.249,0.324,0.266,0.322,0.516,0.356,0.335,133,-2,15.8,-2.9,2.9
37,Tyler Fitzgerald,SFG,96,341,15,53,34,17,6.50%,31.70%,0.217,0.38,0.28,0.334,0.497,0.357,0.295,132,3.9,16.8,0.7,3
38,Tyler O'Neill,BOS,113,473,31,74,61,4,11.20%,33.60%,0.27,0.305,0.241,0.336,0.511,0.36,0.342,131,-0.8,16,-7.7,2.5
39,Steven Kwan,CLE,122,540,14,83,44,12,9.80%,9.40%,0.133,0.304,0.292,0.368,0.425,0.349,0.334,131,0.2,19.2,2.8,4.1
40,William Contreras,MIL,155,679,23,99,92,9,11.50%,20.50%,0.185,0.33,0.281,0.365,0.466,0.359,0.36,131,-2.6,22.4,7.6,5.4
41,Lawrence Butler,OAK,125,451,22,63,57,18,7.80%,23.90%,0.228,0.301,0.262,0.317,0.49,0.345,0.347,130,3.8,19.4,-2.4,3.3
42,Rob Refsnyder,BOS,93,307,11,32,40,2,9.10%,25.40%,0.188,0.359,0.283,0.359,0.471,0.358,0.328,130,-1.2,9.4,-7.8,1.2
43,Jackson Merrill,SDP,156,593,24,77,90,16,4.90%,17.00%,0.208,0.318,0.292,0.326,0.5,0.352,0.376,130,3.7,25,6.5,5.3
44,David Fry,CLE,122,392,14,44,51,4,10.70%,21.40%,0.185,0.307,0.263,0.356,0.448,0.347,0.328,129,-1.3,11.8,-8.2,1.7
45,Anthony Santander,BAL,155,665,44,91,102,2,8.70%,19.40%,0.271,0.225,0.235,0.308,0.506,0.345,0.328,129,-2.7,19.5,-9.6,3.3
46,Jarren Duran,BOS,160,735,21,111,75,34,7.30%,21.80%,0.207,0.345,0.285,0.342,0.492,0.357,0.346,129,8.4,32.8,7.9,6.7
47,Luke Raley,SEA,137,455,22,58,58,11,5.90%,29.70%,0.22,0.305,0.243,0.32,0.463,0.339,0.32,129,0.4,15.3,-8.4,2.3
48,Xavier Edwards,MIA,70,303,1,39,26,31,10.90%,17.20%,0.094,0.398,0.328,0.397,0.423,0.359,0.297,128,6.2,16.5,-5.4,2.2
49,Jose Altuve,HOU,153,682,20,94,65,22,6.90%,17.40%,0.145,0.337,0.295,0.35,0.439,0.344,0.318,127,-0.7,20.7,-5.4,3.9
50,Iván Herrera,STL,72,259,5,37,27,5,9.70%,20.50%,0.127,0.37,0.301,0.372,0.428,0.351,0.369,127,1.9,10.4,1.6,2.1
51,Spencer Horwitz,TOR,97,381,12,46,40,0,11.00%,18.40%,0.168,0.3,0.265,0.357,0.433,0.344,0.337,127,-3.7,8.2,-2.5,1.9
52,Jordan Westburg,BAL,107,447,18,57,63,6,4.90%,21.70%,0.216,0.305,0.264,0.312,0.481,0.34,0.355,125,0.3,13.2,-1.4,2.8
53,Trea Turner,PHI,121,539,21,88,62,19,5.00%,18.20%,0.174,0.331,0.295,0.338,0.469,0.349,0.322,124,2.6,18.1,1.8,3.9
54,Jonah Bride,MIA,71,272,11,30,39,0,11.00%,20.20%,0.185,0.306,0.276,0.357,0.461,0.351,0.297,123,-1.7,5.9,-5.1,1
55,Brandon Lowe,TBR,107,425,21,56,58,5,7.80%,26.40%,0.229,0.287,0.244,0.311,0.473,0.335,0.35,123,0.7,12,-4.5,2.2
56,Manny Machado,SDP,152,643,29,77,105,11,7.00%,19.30%,0.197,0.302,0.275,0.325,0.472,0.34,0.338,122,-0.4,16.5,-3.5,3.6
57,Pete Alonso,NYM,162,695,34,91,88,3,10.10%,24.70%,0.219,0.276,0.24,0.329,0.459,0.34,0.345,122,-4.3,14,-16.9,2.1
58,Ian Happ,CHC,153,657,25,89,86,13,12.20%,25.60%,0.199,0.299,0.243,0.341,0.441,0.341,0.349,122,1.3,18.4,-5.4,3.6
59,Nathaniel Lowe,TEX,140,565,16,62,69,2,12.60%,22.10%,0.136,0.324,0.265,0.361,0.401,0.337,0.329,121,-0.8,12.8,-4.4,2.8
60,Trevor Larnach,MIN,112,400,15,59,52,4,10.00%,22.30%,0.175,0.304,0.259,0.338,0.434,0.336,0.352,121,-1.7,7.8,-6.7,1.5
61,Joey Bart,PIT,80,282,13,38,45,0,7.80%,25.90%,0.198,0.321,0.265,0.337,0.462,0.347,0.333,121,-1.5,5.5,-2.1,1.3
62,Matt Chapman,SFG,154,647,27,98,78,15,9.90%,24.40%,0.216,0.293,0.247,0.328,0.463,0.34,0.344,121,3.7,19.6,11.6,5.5
63,Yandy Díaz,TBR,145,621,14,55,65,0,8.10%,15.30%,0.133,0.314,0.281,0.341,0.414,0.331,0.337,120,-3.6,10.8,-12.7,1.9
64,James Wood,WSN,79,336,9,43,41,14,11.60%,28.90%,0.163,0.365,0.264,0.354,0.427,0.342,0.351,120,0.4,8.5,-7.8,1.2
65,JJ Bleday,OAK,159,642,20,74,60,2,10.40%,19.50%,0.194,0.279,0.243,0.324,0.437,0.33,0.319,120,-2.6,12.2,-3.3,3.1
66,Heliot Ramos,SFG,121,518,22,54,72,6,7.10%,26.10%,0.2,0.329,0.269,0.322,0.469,0.339,0.34,120,-0.6,11.5,-6.9,2.3
67,Colton Cowser,BAL,153,561,24,77,69,9,9.30%,30.70%,0.204,0.317,0.242,0.321,0.447,0.331,0.331,120,1.1,13.7,6.4,4
68,Willy Adames,MIL,161,688,32,93,112,21,10.80%,25.10%,0.211,0.297,0.251,0.331,0.462,0.342,0.344,119,1.2,17.2,5.9,4.8
69,Jorge Soler,2 Tms,142,574,21,84,64,1,11.80%,24.60%,0.201,0.293,0.241,0.338,0.442,0.34,0.349,119,-4.4,8.9,-17.8,1.1
70,Christian Walker,ARI,130,552,26,72,84,2,10.00%,24.10%,0.217,0.287,0.251,0.335,0.468,0.343,0.354,119,-3.2,9.4,1.3,3
71,LaMonte Wade Jr.,SFG,117,401,8,45,34,2,15.50%,22.40%,0.121,0.331,0.26,0.38,0.381,0.337,0.357,119,-2,7,-7.7,1.3
72,Michael Busch,CHC,152,567,21,73,65,2,11.10%,28.60%,0.192,0.322,0.248,0.335,0.44,0.336,0.321,119,-1.6,11.1,-8,2.3
73,Ryan O'Hearn,BAL,142,494,15,60,59,3,9.30%,14.00%,0.163,0.282,0.264,0.334,0.427,0.33,0.352,119,-0.3,10.2,-10.4,1.7
74,Josh Naylor,CLE,152,633,31,84,108,6,9.20%,16.60%,0.213,0.246,0.243,0.32,0.456,0.332,0.334,118,-2.5,10.7,-9.9,2.3
75,Jesse Winker,2 Tms,145,508,14,63,58,14,12.40%,20.90%,0.151,0.304,0.253,0.36,0.405,0.338,0.329,118,-2.8,8.3,-13.1,1.3
76,Alex Bregman,HOU,145,634,26,79,75,3,6.90%,13.60%,0.193,0.264,0.26,0.315,0.453,0.331,0.323,118,-2.3,10.7,8.1,4.1
77,Elly De La Cruz,CIN,160,696,25,105,76,67,9.90%,31.30%,0.212,0.359,0.259,0.339,0.471,0.349,0.331,118,7.5,22.3,16.7,6.4
78,Bryan Reynolds,PIT,156,692,24,73,88,10,8.20%,22.50%,0.172,0.33,0.275,0.344,0.447,0.343,0.352,118,1,15.7,-18,2.1
79,Donovan Solano,SDP,96,309,8,31,35,2,7.10%,21.00%,0.131,0.346,0.286,0.343,0.417,0.333,0.31,118,-3.2,3.3,-6,0.8
80,Luis Rengifo,LAA,78,304,6,41,30,24,5.30%,14.50%,0.117,0.339,0.3,0.347,0.417,0.335,0.293,117,1.9,8,-4.2,1.4
81,Jackson Chourio,MIL,148,573,21,80,79,22,6.80%,21.10%,0.189,0.32,0.275,0.327,0.464,0.339,0.33,117,4,15.7,3.1,3.9
82,Cal Raleigh,SEA,153,628,34,73,100,6,11.10%,28.00%,0.216,0.251,0.22,0.312,0.436,0.323,0.347,117,-2.6,9.7,21.8,5.4
83,Matt Olson,ATL,162,685,29,78,98,0,10.40%,24.80%,0.21,0.293,0.247,0.333,0.457,0.339,0.342,117,-3.6,10.3,-8.3,2.6
84,Isaac Paredes,2 Tms,153,641,19,64,80,1,11.90%,16.40%,0.155,0.259,0.238,0.346,0.393,0.327,0.308,117,-0.8,11.3,0.2,3.4
85,Justin Turner,2 Tms,139,539,11,59,55,0,10.90%,17.60%,0.124,0.299,0.259,0.354,0.383,0.327,0.33,117,-4.5,5.8,-12.3,1.2
86,Yainer Diaz,HOU,148,619,16,70,84,2,3.90%,17.30%,0.142,0.338,0.299,0.325,0.441,0.329,0.34,117,-1.5,10.3,-1.3,3.1
87,Austin Riley,ATL,110,469,19,63,56,0,7.90%,25.20%,0.205,0.31,0.256,0.322,0.461,0.338,0.366,116,-1.2,7.8,-0.5,2.4
88,Giancarlo Stanton,NYY,114,459,27,49,72,0,8.30%,31.20%,0.242,0.281,0.233,0.298,0.475,0.33,0.355,116,-4.3,4,-11.8,0.8
89,Julio Rodríguez,SEA,143,613,20,76,68,24,6.20%,25.40%,0.136,0.344,0.273,0.325,0.409,0.321,0.346,116,2,12.9,3.6,3.8
90,Ramón Urías,BAL,100,301,11,39,37,1,7.60%,18.30%,0.169,0.28,0.254,0.322,0.423,0.325,0.331,115,-0.6,4.6,-5.7,0.9
91,Jose Miranda,MIN,121,429,9,44,49,2,4.20%,15.40%,0.157,0.318,0.284,0.322,0.441,0.328,0.306,115,-3.5,3.9,-7.4,1.1
92,Eugenio Suárez,ARI,158,640,30,90,101,2,7.70%,27.50%,0.214,0.309,0.256,0.319,0.469,0.337,0.332,115,-1.1,10.4,5.1,3.8
93,Salvador Perez,KCR,158,652,27,58,104,0,6.70%,19.80%,0.185,0.302,0.271,0.33,0.456,0.335,0.362,115,-5.6,5.6,3.5,3.2
94,David Peralta,SDP,91,260,8,35,28,2,8.50%,20.80%,0.148,0.316,0.267,0.335,0.415,0.329,0.314,115,-0.6,4.1,-8.5,0.4
95,Brendan Donovan,STL,153,652,14,65,73,5,7.20%,12.40%,0.14,0.3,0.278,0.342,0.417,0.332,0.337,115,-1.8,9.7,0,3.2
96,Alec Bohm,PHI,143,606,15,62,97,5,6.60%,14.20%,0.168,0.305,0.28,0.332,0.448,0.335,0.345,115,-2.6,8.1,5.7,3.5
97,Masataka Yoshida,BOS,108,421,10,45,56,2,6.40%,12.40%,0.135,0.302,0.28,0.349,0.415,0.336,0.324,115,-2.5,4.6,-10.9,0.8
98,Zach Neto,LAA,155,602,23,70,77,30,6.50%,23.30%,0.194,0.295,0.249,0.318,0.443,0.33,0.318,114,1.8,11.5,2.2,3.5
99,Carlos Santana,MIN,150,594,23,63,71,4,10.90%,16.70%,0.182,0.252,0.238,0.328,0.42,0.326,0.33,114,-0.9,8.6,0.8,3
100,Randy Arozarena,2 Tms,154,648,20,77,60,20,11.30%,26.10%,0.169,0.275,0.219,0.332,0.388,0.32,0.327,114,-1.1,9.3,-12.2,1.9
101,Wilyer Abreu,BOS,132,447,15,59,58,8,8.90%,28.00%,0.206,0.326,0.253,0.322,0.459,0.336,0.322,114,1.3,8.5,6.3,3.1
102,Jacob Stallings,COL,82,281,9,31,36,0,9.60%,23.10%,0.189,0.324,0.263,0.357,0.453,0.353,0.318,114,-3.5,1.2,-1.4,0.9
103,Lars Nootbaar,STL,109,405,12,39,45,7,12.80%,19.50%,0.172,0.281,0.244,0.342,0.417,0.331,0.358,114,1,7.7,-4.6,1.7
104,Victor Caratini,HOU,87,274,8,30,30,0,8.40%,19.30%,0.139,0.31,0.269,0.336,0.408,0.324,0.326,113,-3.4,0.8,8.7,1.9
105,Tyler Stephenson,CIN,138,515,19,69,66,1,9.30%,22.70%,0.186,0.307,0.258,0.338,0.444,0.339,0.322,112,-3.4,3.8,8,3
106,Michael Conforto,SFG,130,488,20,56,66,0,8.60%,24.20%,0.212,0.277,0.237,0.309,0.45,0.327,0.352,112,-1.8,5,-8.9,1.3
107,Miguel Rojas,LAD,103,337,6,41,36,8,6.80%,10.10%,0.127,0.301,0.283,0.337,0.41,0.327,0.314,111,-0.3,4.3,11.8,2.8
108,Mike Tauchman,CHC,109,350,7,50,29,6,13.40%,20.00%,0.117,0.302,0.248,0.357,0.366,0.325,0.333,111,0,4.7,-6.2,1.1
109,Taylor Ward,LAA,156,663,25,73,75,6,9.50%,24.60%,0.179,0.294,0.246,0.323,0.426,0.325,0.351,111,-2.6,5.7,-1.5,2.7
110,Luis García Jr.,WSN,140,528,18,58,70,22,5.10%,16.30%,0.162,0.31,0.282,0.318,0.444,0.328,0.333,111,0.6,7.4,4.6,3.1
111,Parker Meadows,DET,82,298,9,39,28,9,8.40%,25.50%,0.189,0.306,0.244,0.31,0.433,0.321,0.301,111,3,6.7,4.1,2.1
112,Josh Smith,TEX,149,592,13,67,62,11,7.80%,20.40%,0.136,0.311,0.258,0.337,0.394,0.323,0.304,111,-0.5,6.8,0.7,2.8
113,Will Smith,LAD,128,544,20,77,75,1,9.40%,19.30%,0.185,0.273,0.248,0.327,0.433,0.326,0.333,111,-1.2,5.7,2.5,2.7
114,Connor Wong,BOS,126,487,13,54,52,8,5.70%,23.40%,0.145,0.348,0.28,0.333,0.425,0.33,0.289,110,-0.2,5.5,-11.5,1.1
115,Oneil Cruz,PIT,146,599,21,72,76,22,8.50%,30.20%,0.19,0.347,0.259,0.324,0.449,0.331,0.342,110,5.3,12.3,1.7,3.5
116,Wyatt Langford,TEX,134,557,16,74,74,19,9.20%,20.60%,0.162,0.296,0.253,0.325,0.415,0.321,0.333,110,4.3,10.5,-0.6,2.9
117,Jake McCarthy,ARI,142,495,8,66,56,25,6.30%,15.80%,0.115,0.329,0.285,0.349,0.4,0.329,0.314,110,4.6,10.3,2.6,3
118,Jazz Chisholm Jr.,2 Tms,147,621,24,74,73,40,8.50%,24.50%,0.18,0.309,0.256,0.324,0.436,0.327,0.318,110,6.2,12.9,5,4
119,Shea Langeliers,OAK,137,534,29,58,80,4,7.70%,27.20%,0.226,0.252,0.224,0.288,0.45,0.315,0.332,109,-2.8,3,-1.5,2
120,Luis Arraez,2 Tms,150,672,4,83,46,9,3.60%,4.30%,0.078,0.324,0.314,0.346,0.392,0.323,0.326,109,-1,6.4,-18.1,1.1
121,Brandon Nimmo,NYM,151,663,23,88,90,15,11.60%,23.80%,0.175,0.267,0.224,0.327,0.399,0.321,0.337,109,2.4,9.5,-5.1,2.7
122,Cody Bellinger,CHC,130,569,18,72,78,9,7.90%,15.60%,0.161,0.287,0.266,0.325,0.426,0.322,0.305,109,1.4,7.4,-5,2.2
123,J.T. Realmuto,PHI,99,413,14,50,47,2,6.50%,24.70%,0.163,0.328,0.266,0.322,0.429,0.326,0.344,109,-0.5,3.7,2.3,2
124,Ryan Mountcastle,BAL,124,507,13,54,63,3,5.30%,22.50%,0.154,0.327,0.271,0.308,0.425,0.316,0.335,108,-0.9,4,-6.5,1.5
125,Brandon Marsh,PHI,135,476,16,55,60,19,10.50%,32.40%,0.17,0.348,0.249,0.328,0.419,0.326,0.328,108,2.9,7.7,-0.6,2.4
126,Matt Vierling,DET,144,567,16,80,57,6,7.20%,21.30%,0.166,0.303,0.257,0.312,0.423,0.317,0.313,108,2.8,8.1,-2.1,2.6
127,Lourdes Gurriel Jr.,ARI,133,553,18,72,75,7,5.20%,18.30%,0.156,0.313,0.279,0.322,0.435,0.327,0.321,108,-0.7,4.5,-2.1,2.2
128,Royce Lewis,MIN,82,325,16,40,47,0,8.60%,22.80%,0.219,0.251,0.233,0.295,0.452,0.317,0.323,108,-1.1,1.7,-1.1,1.2
129,Vinnie Pasquantino,KCR,131,554,19,64,97,1,7.20%,12.80%,0.183,0.265,0.262,0.315,0.446,0.325,0.331,108,-1.5,3.4,-7.6,1.5
130,Ramón Laureano,2 Tms,98,309,11,35,33,8,4.90%,31.10%,0.178,0.35,0.259,0.311,0.437,0.324,0.317,108,-0.7,2.3,-3.7,0.9
131,Jonathan India,CIN,151,637,15,84,58,13,12.60%,19.60%,0.144,0.293,0.248,0.357,0.392,0.333,0.354,108,-0.1,5.7,0.3,2.8
132,Willi Castro,MIN,158,635,12,89,60,14,8.00%,23.60%,0.138,0.315,0.247,0.331,0.385,0.317,0.323,108,-0.6,4.9,3.9,3.1
133,J.D. Martinez,NYM,120,495,16,46,69,0,9.90%,28.50%,0.171,0.308,0.235,0.32,0.406,0.318,0.356,108,-2.3,2.1,-12.6,0.6
134,Ryan Jeffers,MIN,122,465,21,56,64,3,6.90%,20.20%,0.206,0.238,0.226,0.3,0.432,0.317,0.305,107,-0.8,3,-2.5,1.7
135,CJ Abrams,WSN,138,602,20,79,65,31,6.60%,21.30%,0.187,0.285,0.246,0.314,0.433,0.322,0.323,107,1.6,6.6,-8.4,1.9
136,Corbin Carroll,ARI,158,684,22,121,74,35,10.70%,19.00%,0.197,0.256,0.231,0.322,0.428,0.325,0.329,107,11.1,16.6,-0.3,4
137,Gabriel Moreno,ARI,97,351,5,39,45,3,11.70%,14.80%,0.115,0.303,0.266,0.353,0.38,0.325,0.329,107,0.1,2.9,9.9,2.5
138,Mike Yastrzemski,SFG,140,474,18,60,57,3,8.00%,26.20%,0.206,0.282,0.231,0.302,0.437,0.319,0.304,106,1.9,5.4,-6.1,1.6
139,Jake Burger,MIA,137,579,29,68,76,1,5.40%,25.90%,0.209,0.292,0.25,0.301,0.46,0.325,0.337,106,-0.7,3.5,-9.6,1.4
140,Alec Burleson,STL,152,595,21,71,78,9,5.90%,12.80%,0.152,0.276,0.269,0.314,0.42,0.319,0.329,106,-3.1,0.9,-14.8,0.6
141,Andrew McCutchen,PIT,120,515,20,66,50,3,11.30%,25.80%,0.179,0.283,0.232,0.328,0.411,0.325,0.333,105,-2.9,0.5,-13,0.5
142,Jake Cronenworth,SDP,155,656,17,72,83,5,9.30%,18.00%,0.149,0.274,0.241,0.324,0.39,0.315,0.338,105,0.1,4.2,-5.9,2.1
143,Dylan Moore,SEA,135,441,10,53,42,32,12.00%,27.90%,0.166,0.267,0.201,0.32,0.367,0.306,0.302,105,4.1,6.8,1.6,2.4
144,Austin Wells,NYY,115,414,13,42,55,1,11.40%,21.00%,0.167,0.261,0.229,0.322,0.395,0.315,0.341,105,-1.8,0.7,18.9,3.4
145,Nick Castellanos,PHI,162,659,23,80,86,6,6.20%,21.10%,0.177,0.294,0.254,0.311,0.431,0.321,0.335,105,-3.8,0.1,-18.6,0.4
146,Jon Singleton,HOU,119,405,13,46,42,0,11.60%,27.40%,0.152,0.299,0.234,0.321,0.386,0.312,0.31,105,-4,-1.8,-12.4,-0.1
147,Cedric Mullins,BAL,147,499,18,69,54,32,8.20%,19.60%,0.171,0.261,0.234,0.305,0.405,0.31,0.293,105,3.3,6,-0.2,2.3
148,Kyle Higashioka,SDP,84,263,17,29,45,2,5.70%,28.10%,0.256,0.237,0.22,0.263,0.476,0.314,0.301,105,-1.2,0.3,6,1.6
149,Nolan Schanuel,LAA,147,607,13,62,54,10,11.20%,17.00%,0.112,0.285,0.25,0.343,0.362,0.315,0.322,104,-3.5,-0.7,-13,0.7
150,Starling Marte,NYM,94,370,7,46,40,16,7.30%,21.90%,0.119,0.333,0.269,0.327,0.388,0.313,0.338,104,2.1,3.8,-10.1,0.6
151,Joey Ortiz,MIL,142,511,11,58,60,11,11.00%,20.20%,0.159,0.283,0.239,0.329,0.398,0.319,0.307,104,-0.2,2.1,11.3,3.1
152,Gleyber Torres,NYY,154,665,15,80,63,4,9.80%,20.50%,0.121,0.306,0.257,0.33,0.378,0.313,0.31,104,-4.6,-1.7,-3.7,1.7
153,Adley Rutschman,BAL,148,638,19,68,79,1,9.10%,16.10%,0.14,0.272,0.25,0.318,0.391,0.309,0.319,104,-2.9,-0.2,6.5,2.8
154,Masyn Winn,STL,150,637,15,85,57,11,6.40%,17.10%,0.148,0.303,0.267,0.314,0.416,0.315,0.296,103,2.2,4.9,8.6,3.6
155,Edmundo Sosa,PHI,90,274,7,39,31,7,4.70%,24.10%,0.165,0.32,0.257,0.313,0.422,0.318,0.309,103,1.8,2.9,6.5,1.9
156,Travis d'Arnaud,ATL,99,341,15,40,48,1,7.00%,26.10%,0.199,0.28,0.238,0.302,0.436,0.319,0.323,103,-1.2,0,6.4,1.8
157,Nico Hoerner,CHC,151,641,7,86,48,31,6.90%,10.30%,0.1,0.297,0.273,0.335,0.373,0.313,0.314,103,5,7.3,9.4,3.9
158,Miguel Andujar,OAK,75,319,4,31,30,3,4.10%,13.20%,0.093,0.319,0.285,0.32,0.377,0.306,0.287,103,-2,-1,-5.3,0.4
159,Mark Canha,2 Tms,125,462,7,46,42,7,11.00%,20.80%,0.104,0.298,0.242,0.344,0.346,0.31,0.29,102,0.9,2.1,-7.8,1
160,Nolan Arenado,STL,152,635,16,70,71,2,6.90%,14.50%,0.123,0.296,0.272,0.325,0.394,0.314,0.297,102,-2.1,-0.4,9.6,3.1
161,Michael Massey,KCR,100,356,14,45,45,1,4.20%,15.70%,0.19,0.271,0.259,0.294,0.449,0.317,0.312,102,0.5,1.3,1.4,1.5
162,Francisco Alvarez,NYM,100,342,11,39,47,1,8.80%,25.10%,0.166,0.291,0.237,0.307,0.403,0.31,0.291,102,-2.1,-1.4,8.9,1.9
163,Geraldo Perdomo,ARI,98,388,3,61,37,9,9.30%,14.90%,0.101,0.317,0.273,0.344,0.374,0.317,0.28,101,2.8,3.5,2.8,2
164,Ha-Seong Kim,SDP,121,470,11,60,47,22,12.30%,16.40%,0.136,0.261,0.233,0.33,0.37,0.308,0.316,101,2.3,2.8,7.2,2.6
165,Richie Palacios,TBR,92,316,5,46,21,19,14.20%,21.20%,0.095,0.28,0.223,0.346,0.318,0.303,0.324,101,3.1,3.4,-0.9,1.3
166,Logan O'Hoppe,LAA,136,522,20,64,56,2,6.30%,29.70%,0.165,0.318,0.244,0.303,0.409,0.311,0.337,101,-4.7,-4.3,7.6,2.1
167,Josh Bell,2 Tms,145,603,19,62,71,0,8.50%,19.90%,0.156,0.286,0.249,0.319,0.405,0.317,0.315,101,-4,-3.6,-17.8,-0.1
168,Jesús Sánchez,MIA,149,537,18,60,64,16,7.60%,26.10%,0.166,0.315,0.252,0.313,0.417,0.317,0.345,100,0.7,0.9,-5.3,1.4
169,Rhys Hoskins,MIL,131,517,26,59,82,3,10.30%,28.80%,0.205,0.25,0.214,0.303,0.419,0.313,0.305,100,-3.3,-3.1,-12.7,0.1
170,Jeremy Peña,HOU,157,650,15,78,70,20,3.80%,17.10%,0.128,0.301,0.266,0.308,0.394,0.305,0.313,100,2.2,2.2,3.2,2.8
171,Andy Pages,LAD,116,443,13,65,46,1,6.50%,24.40%,0.159,0.304,0.248,0.305,0.407,0.31,0.326,100,-0.5,-0.6,-1.3,1.3
172,Gavin Lux,LAD,139,487,10,59,50,5,9.00%,22.60%,0.132,0.312,0.251,0.32,0.383,0.31,0.32,100,0.8,0.7,-2.1,1.5
173,Paul Goldschmidt,STL,154,654,22,70,65,11,7.20%,26.50%,0.169,0.308,0.245,0.302,0.414,0.31,0.333,100,-0.1,-0.3,-10.7,1.1
174,Daulton Varsho,TOR,136,513,18,73,58,10,9.40%,26.70%,0.194,0.262,0.214,0.293,0.407,0.304,0.265,99,1.6,1.1,13.7,3.3
175,Lane Thomas,2 Tms,130,528,15,65,63,32,8.30%,25.90%,0.163,0.298,0.237,0.309,0.4,0.309,0.31,99,4,3.6,-8.2,1.3
176,Marcus Semien,TEX,159,718,23,101,74,8,8.90%,14.60%,0.154,0.25,0.237,0.308,0.391,0.306,0.319,99,1.5,0.7,15.7,4.2
177,Dansby Swanson,CHC,149,593,16,82,66,19,9.10%,24.30%,0.148,0.3,0.242,0.312,0.39,0.307,0.324,99,4.4,3.4,18.9,4.3
178,Carson Kelly,2 Tms,91,313,9,32,37,0,8.00%,17.60%,0.135,0.266,0.238,0.313,0.374,0.304,0.317,99,-3,-3.5,10.5,1.8
179,Michael Harris II,ATL,110,470,16,58,48,10,4.90%,20.00%,0.155,0.3,0.264,0.304,0.418,0.312,0.345,99,-1.3,-2.2,5.9,2
180,Michael Toglia,COL,116,458,25,62,55,10,11.80%,32.10%,0.238,0.27,0.218,0.311,0.456,0.329,0.365,98,1.1,0.1,-11.3,0.4
181,Josh Lowe,TBR,106,387,10,37,34,25,8.30%,31.80%,0.15,0.338,0.241,0.302,0.391,0.299,0.296,98,3.3,2.4,-5.8,1
182,Will Brennan,CLE,114,353,8,37,30,4,5.40%,13.60%,0.124,0.287,0.264,0.309,0.388,0.303,0.301,98,-0.4,-1.3,-5.9,0.5
183,Austin Hays,2 Tms,85,255,5,26,20,2,3.50%,23.10%,0.14,0.318,0.255,0.303,0.396,0.303,0.288,98,-0.1,-0.8,-5.7,0.2
184,Tyrone Taylor,NYM,130,345,7,47,35,11,5.50%,23.20%,0.154,0.309,0.248,0.299,0.401,0.304,0.304,98,0.5,-0.5,1,1.2
185,Jeff McNeil,NYM,129,472,12,57,44,5,7.40%,14.40%,0.146,0.256,0.238,0.308,0.384,0.304,0.289,97,-2,-3.4,0.1,1.3
186,Brenton Doyle,COL,149,603,23,82,72,30,7.60%,25.40%,0.186,0.316,0.26,0.317,0.446,0.328,0.333,97,5.4,3.4,12.1,3.7
187,Andrew Vaughn,CHW,149,619,19,55,70,2,6.10%,21.30%,0.156,0.285,0.246,0.297,0.402,0.304,0.321,97,-2.5,-4.6,-17.5,-0.2
188,Colt Keith,DET,148,556,13,54,61,7,6.50%,19.80%,0.12,0.306,0.26,0.309,0.38,0.301,0.313,97,0.3,-1.9,0.9,1.8
189,Willie Calhoun,LAA,68,254,5,26,20,0,9.10%,12.20%,0.135,0.263,0.245,0.315,0.38,0.305,0.306,96,-1.8,-2.9,-6,0
190,Spencer Steer,CIN,158,656,20,74,92,25,11.00%,20.90%,0.178,0.26,0.225,0.319,0.402,0.316,0.317,96,4.5,1.6,-11,1.3
191,Amed Rosario,3 Tms,103,346,3,29,32,13,2.60%,21.10%,0.099,0.35,0.28,0.306,0.38,0.299,0.281,96,0.7,-1.1,-7.8,0.3
192,Gary Sánchez,MIL,89,280,11,30,37,0,9.60%,27.10%,0.171,0.267,0.22,0.307,0.392,0.307,0.315,96,-1.3,-2.6,-3.4,0.3
193,Ozzie Albies,ATL,99,435,10,52,53,8,6.20%,14.90%,0.153,0.274,0.251,0.303,0.404,0.307,0.306,95,0.3,-2.2,0,1.3
194,Wenceel Pérez,DET,112,425,9,51,37,9,7.50%,21.60%,0.141,0.294,0.242,0.3,0.383,0.299,0.292,95,1.5,-0.8,-3.2,1.1
195,Xander Bogaerts,SDP,111,463,11,50,44,13,6.00%,17.10%,0.117,0.297,0.264,0.307,0.381,0.3,0.306,95,2.6,-0.1,4.3,2
196,Paul DeJong,2 Tms,139,482,24,54,56,2,4.80%,32.40%,0.2,0.285,0.227,0.276,0.427,0.302,0.293,95,-2.4,-5.1,5.8,1.7
197,George Springer,TOR,145,614,19,74,56,16,9.80%,18.70%,0.15,0.245,0.22,0.303,0.371,0.298,0.324,95,3.5,-0.1,-8.9,1.2
198,Ezequiel Tovar,COL,157,695,26,83,78,6,3.30%,28.80%,0.2,0.344,0.269,0.295,0.469,0.324,0.289,95,0.1,-4.2,16.6,3.7
199,Jake Fraley,CIN,116,382,5,44,26,20,6.80%,18.30%,0.109,0.331,0.277,0.33,0.386,0.314,0.284,95,1.6,-0.9,-3.3,0.9
200,Ernie Clement,TOR,139,452,12,48,51,12,2.40%,9.10%,0.145,0.266,0.263,0.284,0.408,0.297,0.284,94,0.7,-2.3,8.1,2.2
201,Jason Heyward,2 Tms,87,258,10,33,37,5,8.50%,20.50%,0.202,0.226,0.211,0.288,0.412,0.3,0.29,94,2.6,0.9,-1.4,0.8
202,Max Kepler,MIN,105,399,8,43,42,1,5.50%,20.10%,0.128,0.3,0.253,0.302,0.38,0.298,0.302,94,-0.8,-3.5,-0.5,1
203,Alejandro Kirk,TOR,103,386,5,23,54,0,9.10%,13.20%,0.106,0.276,0.253,0.319,0.359,0.297,0.324,94,-3.5,-6.1,20.4,2.8
204,Charlie Blackmon,COL,124,499,12,59,52,6,8.60%,17.20%,0.156,0.293,0.256,0.329,0.412,0.323,0.307,94,-0.5,-4.1,-12,0.1
205,Nick Gonzales,PIT,94,387,7,42,49,5,4.70%,19.10%,0.128,0.319,0.27,0.311,0.398,0.307,0.319,94,0.2,-2.7,2.6,1.3
206,Austin Martin,MIN,93,257,1,41,16,7,7.80%,18.30%,0.099,0.314,0.253,0.318,0.352,0.297,0.302,94,1,-0.9,-10.1,-0.2
207,Isiah Kiner-Falefa,2 Tms,133,496,8,53,43,11,3.20%,15.70%,0.108,0.307,0.269,0.306,0.376,0.299,0.285,93,2.2,-2.2,5.6,2.1
208,Andrew Benintendi,CHW,135,522,20,50,64,3,7.90%,18.40%,0.168,0.245,0.229,0.289,0.396,0.298,0.308,93,-1.9,-6.2,-14.4,-0.3
209,Dominic Smith,2 Tms,93,307,6,33,34,1,9.10%,24.80%,0.145,0.301,0.233,0.313,0.378,0.306,0.299,93,-1.9,-4.5,-4.3,0.1
210,Ty France,2 Tms,140,535,13,46,51,1,7.10%,21.30%,0.132,0.277,0.234,0.305,0.365,0.296,0.305,93,-3.6,-8.3,-18.2,-0.9
211,David Hamilton,BOS,98,317,8,47,28,33,6.90%,25.20%,0.146,0.316,0.248,0.303,0.395,0.305,0.285,92,6.2,3.4,2.1,1.7
212,Connor Joe,PIT,123,416,9,49,36,2,10.60%,21.90%,0.14,0.278,0.228,0.32,0.368,0.305,0.279,92,-0.4,-4.2,-4.9,0.5
213,Spencer Torkelson,DET,92,381,10,45,37,0,8.70%,27.60%,0.155,0.285,0.219,0.295,0.374,0.295,0.284,92,-1.2,-4.6,-6.7,0.1
214,Jorge Polanco,SEA,118,469,16,43,45,4,9.80%,29.20%,0.141,0.274,0.213,0.296,0.355,0.287,0.311,92,-1.5,-5.8,-7.2,0.3
215,Adolis García,TEX,154,637,25,68,85,11,7.10%,27.80%,0.176,0.273,0.224,0.284,0.4,0.296,0.308,92,-0.7,-6.6,-17,-0.2
216,Hunter Renfroe,KCR,120,424,15,44,52,1,8.50%,19.80%,0.164,0.254,0.229,0.297,0.392,0.302,0.292,92,-3.6,-7.6,-7.5,-0.1
217,Seth Brown,OAK,124,400,14,32,44,4,6.30%,28.00%,0.148,0.291,0.231,0.283,0.379,0.289,0.296,91,-0.7,-4.7,-10.9,-0.2
218,Josh Rojas,SEA,143,476,8,48,31,10,9.70%,22.70%,0.111,0.282,0.225,0.304,0.336,0.286,0.295,91,-1.6,-6.5,8.9,1.9
219,Tommy Pham,3 Tms,116,478,9,49,39,7,7.30%,22.20%,0.12,0.307,0.248,0.305,0.368,0.297,0.323,91,-3.1,-8.2,-8.5,-0.1
220,Freddy Fermin,KCR,111,368,6,40,36,2,6.30%,17.90%,0.094,0.319,0.271,0.319,0.366,0.3,0.276,91,-0.5,-4.4,10.4,1.9
221,Otto Lopez,MIA,117,434,6,49,39,20,5.80%,17.30%,0.107,0.318,0.27,0.313,0.377,0.302,0.316,91,2.4,-2.5,12.2,2.5
222,Jo Adell,LAA,130,451,20,54,62,15,7.80%,27.90%,0.195,0.244,0.207,0.28,0.402,0.296,0.317,90,-3,-8.1,-5.6,0.1
223,Danny Jansen,2 Tms,94,324,9,35,24,0,12.30%,18.80%,0.144,0.227,0.205,0.309,0.349,0.294,0.292,90,-1.1,-4.8,-0.5,0.6
224,Rowdy Tellez,PIT,132,421,13,38,56,1,7.40%,21.10%,0.149,0.28,0.243,0.299,0.392,0.301,0.302,90,-2.3,-7.6,-11,-0.5
225,J.P. Crawford,SEA,105,451,9,55,37,5,11.50%,22.60%,0.12,0.248,0.202,0.304,0.321,0.283,0.312,89,1.4,-4.1,4.6,1.6
226,Kevin Newman,ARI,111,311,3,41,28,8,4.80%,15.40%,0.097,0.322,0.278,0.311,0.375,0.298,0.272,89,0.9,-3.2,6.5,1.4
227,Ryan McMahon,COL,153,645,20,68,65,4,10.70%,28.70%,0.155,0.32,0.242,0.325,0.397,0.315,0.325,89,-2.7,-11.3,8.6,1.9
228,TJ Friedl,CIN,85,341,13,35,55,9,7.60%,15.20%,0.155,0.229,0.226,0.31,0.38,0.305,0.295,88,2,-2.7,-6.8,0.2
229,Bryson Stott,PHI,148,571,11,65,57,32,9.30%,16.30%,0.111,0.275,0.245,0.315,0.356,0.296,0.309,88,4.6,-3.5,2.5,1.9
230,Mitch Garver,SEA,114,430,15,37,51,0,12.30%,30.90%,0.169,0.216,0.172,0.286,0.341,0.281,0.287,88,-2,-7.9,-10.3,-0.4
231,Kevin Pillar,2 Tms,100,314,8,38,45,12,5.10%,22.00%,0.148,0.271,0.229,0.291,0.377,0.293,0.277,88,1.4,-2.9,-2.2,0.5
232,Gavin Sheets,CHW,139,501,10,35,45,2,8.60%,21.20%,0.124,0.281,0.233,0.303,0.357,0.291,0.312,88,-2.9,-9.9,-15.5,-0.9
233,Brendan Rodgers,COL,135,539,13,67,54,1,5.80%,24.50%,0.14,0.338,0.267,0.314,0.407,0.314,0.297,88,-0.9,-8.8,-1.6,0.8
234,Oswaldo Cabrera,NYY,109,326,8,47,36,4,6.40%,19.30%,0.117,0.286,0.247,0.296,0.365,0.29,0.285,88,-0.5,-5.1,2.8,0.9
235,Jeimer Candelario,CIN,112,463,20,47,56,4,5.80%,24.60%,0.204,0.257,0.225,0.279,0.429,0.304,0.284,87,-0.8,-7.7,-11.1,-0.4
236,Brice Turang,MIL,155,619,7,72,57,50,8.10%,17.00%,0.095,0.3,0.254,0.316,0.349,0.294,0.298,87,7.2,-2.1,5.6,2.5
237,Jake Bauers,MIL,117,346,12,45,43,13,11.30%,34.10%,0.162,0.279,0.199,0.301,0.361,0.294,0.305,87,1.1,-4.2,-6.8,0
238,Pete Crow-Armstrong,CHC,123,410,10,46,47,27,5.10%,23.90%,0.148,0.292,0.237,0.286,0.384,0.289,0.285,87,4.9,-1.4,14.1,2.7
239,Ben Rortvedt,TBR,112,328,3,27,31,1,10.40%,26.80%,0.076,0.317,0.228,0.317,0.303,0.283,0.268,87,-1.1,-6,8.6,1.4
240,Abraham Toro,OAK,94,364,6,34,26,4,5.50%,17.00%,0.11,0.279,0.24,0.293,0.35,0.283,0.293,87,0.6,-4.9,-0.1,0.7
241,Mauricio Dubón,HOU,137,428,4,45,47,3,3.70%,12.90%,0.092,0.299,0.269,0.296,0.361,0.286,0.272,87,-1.6,-8.1,5,1.2
242,Nolan Gorman,STL,107,402,19,42,50,6,8.50%,37.60%,0.197,0.279,0.203,0.271,0.4,0.29,0.312,87,-0.7,-7.1,-3.5,0.3
243,Jarred Kelenic,ATL,131,449,15,49,45,7,7.10%,29.60%,0.163,0.3,0.231,0.286,0.393,0.294,0.309,86,1.8,-5.5,-4.5,0.5
244,Anthony Volpe,NYY,160,689,12,90,60,28,6.10%,22.60%,0.121,0.303,0.243,0.293,0.364,0.287,0.28,86,5.1,-6,16.2,3.4
245,Sal Frelick,MIL,145,524,2,66,32,18,7.40%,14.90%,0.076,0.306,0.259,0.32,0.335,0.292,0.277,86,3.3,-5.6,3.1,1.5
246,Emmanuel Rivera,2 Tms,124,302,5,24,29,2,8.60%,22.80%,0.106,0.296,0.238,0.312,0.343,0.291,0.319,86,-0.8,-6.2,0.3,0.4
247,Jake Meyers,HOU,148,513,13,51,61,11,6.80%,22.80%,0.141,0.263,0.219,0.286,0.36,0.285,0.308,86,2.2,-6.3,8.8,2
248,Max Schuemann,OAK,133,459,7,55,34,14,10.20%,25.90%,0.088,0.292,0.22,0.311,0.308,0.281,0.297,85,2.3,-5.4,3,1.3
249,Harrison Bader,NYM,143,437,12,57,51,17,4.80%,21.70%,0.137,0.276,0.236,0.284,0.373,0.285,0.296,85,-1.7,-9.4,7.7,1.3
250,Mitch Haniger,SEA,121,423,12,42,44,0,9.50%,29.80%,0.126,0.276,0.208,0.286,0.334,0.277,0.294,85,-1.6,-8.8,-10.7,-0.6
251,Jacob Young,WSN,150,521,3,75,36,33,5.80%,19.60%,0.075,0.321,0.256,0.316,0.331,0.29,0.29,85,4.3,-5.1,13.3,2.6
252,MJ Melendez,KCR,135,451,17,44,44,4,7.80%,25.10%,0.194,0.241,0.206,0.273,0.4,0.292,0.317,85,-1.2,-9.1,-9.1,-0.3
253,Anthony Rizzo,NYY,92,375,8,38,35,0,7.20%,17.30%,0.107,0.259,0.228,0.301,0.335,0.285,0.296,84,-2.8,-9.6,-5.3,-0.2
254,Tyler Freeman,CLE,118,383,7,48,32,11,7.30%,13.80%,0.112,0.227,0.209,0.305,0.321,0.283,0.303,84,-0.3,-7.3,-2.3,0.3
255,Luis Robert Jr.,CHW,100,425,14,47,35,23,6.60%,33.20%,0.155,0.31,0.224,0.278,0.379,0.285,0.283,84,1,-6.8,-2.3,0.5
256,Blake Perkins,MIL,121,434,6,54,43,23,9.70%,24.90%,0.091,0.313,0.24,0.316,0.332,0.288,0.282,83,2.4,-6.3,6.9,1.6
257,Enrique Hernández,LAD,126,393,12,44,42,0,6.90%,19.60%,0.144,0.257,0.229,0.281,0.373,0.285,0.285,83,0.5,-7.4,1.1,0.7
258,Alex Verdugo,NYY,149,621,13,74,61,2,7.90%,15.00%,0.123,0.253,0.233,0.291,0.356,0.283,0.304,83,-2.5,-14.4,-0.5,0.6
259,Andrés Giménez,CLE,152,633,9,64,63,30,4.10%,15.30%,0.087,0.286,0.252,0.298,0.34,0.281,0.299,83,2.2,-10.1,15.7,2.8
260,Luis Campusano,SDP,91,299,8,37,40,0,6.70%,13.70%,0.134,0.24,0.227,0.281,0.361,0.282,0.29,83,-0.5,-6.6,-7.8,-0.5
261,José Caballero,TBR,139,483,9,53,44,44,5.60%,27.50%,0.12,0.301,0.227,0.283,0.347,0.277,0.269,83,2.9,-6.6,9.2,1.9
262,Miguel Amaya,CHC,117,363,8,32,47,0,6.30%,17.10%,0.125,0.261,0.232,0.288,0.357,0.283,0.302,83,-2.7,-10.2,4.6,0.7
263,Leody Taveras,TEX,151,529,12,59,44,23,7.90%,21.20%,0.123,0.272,0.229,0.289,0.352,0.282,0.3,82,1.6,-9.1,2.3,1.1
264,Zack Gelof,OAK,138,547,17,60,49,25,6.90%,34.40%,0.151,0.296,0.211,0.27,0.362,0.276,0.273,82,4.3,-6.9,2.5,1.4
265,Tyler Nevin,OAK,87,278,7,22,20,1,9.00%,23.00%,0.127,0.243,0.204,0.288,0.331,0.276,0.297,82,-0.7,-6.3,-7.1,-0.4
266,Christopher Morel,2 Tms,152,611,21,56,60,8,10.00%,26.00%,0.15,0.233,0.196,0.288,0.346,0.28,0.318,82,-2.3,-15.1,-14.7,-1
267,Elias Díaz,2 Tms,96,351,6,27,39,0,5.70%,19.70%,0.117,0.317,0.265,0.313,0.382,0.303,0.28,81,-2.9,-10.7,4.1,0.5
268,Gio Urshela,2 Tms,128,461,9,34,52,0,5.00%,15.60%,0.111,0.278,0.25,0.286,0.361,0.281,0.302,81,-2.7,-12.7,4.2,0.7
269,Patrick Bailey,SFG,121,448,8,46,46,4,8.70%,22.30%,0.105,0.287,0.234,0.298,0.339,0.281,0.321,81,0.5,-9.7,36.7,4.3
270,Kyle Isbel,KCR,136,426,8,62,42,11,6.30%,20.70%,0.138,0.276,0.229,0.287,0.367,0.286,0.281,81,4,-5.4,5.2,1.4
271,Davis Schneider,TOR,135,454,13,48,46,6,10.40%,31.70%,0.151,0.257,0.191,0.282,0.343,0.277,0.297,80,-0.4,-10.6,-1.1,0.4
272,Lenyn Sosa,CHW,100,369,8,28,35,3,3.30%,20.90%,0.105,0.303,0.254,0.283,0.359,0.28,0.321,80,-0.7,-9.1,-2.3,0.1
273,Edouard Julien,MIN,94,301,8,36,21,6,11.00%,33.90%,0.124,0.288,0.199,0.292,0.323,0.278,0.29,80,-0.2,-7.2,-2.7,0
274,Whit Merrifield,2 Tms,95,335,4,44,15,17,10.40%,15.50%,0.092,0.257,0.222,0.311,0.314,0.283,0.297,80,3.1,-5.1,-1.7,0.4
275,Mickey Moniak,LAA,124,418,14,48,49,8,5.00%,27.30%,0.161,0.272,0.219,0.266,0.38,0.281,0.287,79,-1.3,-11.1,-1.9,0.1
276,Ceddanne Rafaela,BOS,152,571,15,70,75,19,2.60%,26.40%,0.143,0.312,0.246,0.274,0.39,0.286,0.278,79,0.6,-13,2.2,0.9
277,Brayan Rocchio,CLE,143,442,8,50,36,10,10.00%,20.40%,0.11,0.245,0.206,0.298,0.316,0.276,0.277,79,-2.2,-12.8,8.6,1.1
278,Manuel Margot,MIN,129,343,4,37,31,5,6.10%,15.70%,0.098,0.273,0.238,0.289,0.337,0.276,0.31,79,0.9,-7.4,-5.9,-0.2
279,Jose Siri,TBR,130,448,18,50,47,14,6.90%,37.90%,0.179,0.261,0.187,0.255,0.366,0.271,0.3,78,1.5,-9.6,12.7,1.9
280,Eloy Jiménez,2 Tms,98,349,6,25,23,3,6.30%,20.10%,0.099,0.285,0.238,0.289,0.336,0.276,0.3,78,-2.5,-11.2,-9.4,-0.9
281,Sean Murphy,ATL,72,264,10,19,25,0,10.20%,25.40%,0.159,0.223,0.193,0.284,0.352,0.281,0.308,78,-0.4,-7.3,6.6,0.8
282,Bryan De La Cruz,2 Tms,149,622,21,61,68,5,4.70%,27.30%,0.151,0.289,0.233,0.271,0.384,0.283,0.307,77,-2.6,-19.5,-13.2,-1.2
283,Jonny DeLuca,TBR,107,362,6,29,31,16,6.60%,21.30%,0.114,0.265,0.217,0.278,0.331,0.269,0.277,77,0.6,-8.9,5.8,0.9
284,Nicky Lopez,CHW,124,445,1,40,21,5,8.30%,15.10%,0.053,0.288,0.241,0.312,0.294,0.275,0.271,77,-0.5,-12.3,5.8,0.9
285,Joey Gallo,WSN,76,260,10,24,27,3,12.30%,39.20%,0.175,0.232,0.161,0.277,0.336,0.276,0.288,76,-0.9,-8.5,-1.7,-0.2
286,Jake Cave,COL,123,346,7,42,37,5,5.20%,28.30%,0.146,0.335,0.251,0.29,0.396,0.295,0.277,75,0.5,-9.8,-4.4,-0.3
287,Zach McKinstry,DET,118,325,4,32,23,16,7.40%,21.20%,0.121,0.265,0.215,0.277,0.337,0.27,0.295,75,5.1,-4.2,3.9,1.1
288,Will Benson,CIN,128,388,14,41,43,16,10.30%,39.70%,0.19,0.282,0.187,0.274,0.376,0.285,0.271,75,-1.6,-13.2,-5.9,-0.6
289,Brett Wisely,SFG,91,272,4,25,31,2,4.80%,23.90%,0.107,0.301,0.238,0.278,0.345,0.272,0.26,75,-1.2,-9.3,5.5,0.5
290,Santiago Espinal,CIN,118,391,9,32,45,11,6.10%,13.80%,0.109,0.265,0.246,0.295,0.356,0.285,0.289,75,0.9,-10.9,-2.5,0
291,Joey Loperfido,2 Tms,81,262,4,24,25,4,5.00%,36.30%,0.136,0.331,0.214,0.264,0.35,0.268,0.256,74,-0.4,-8.2,0.6,0.1
292,Bo Naylor,CLE,123,389,13,39,39,6,7.50%,31.40%,0.15,0.262,0.201,0.264,0.35,0.269,0.262,74,-1,-12.6,15.2,1.6
293,Ezequiel Duran,TEX,92,285,3,26,20,1,4.90%,22.10%,0.075,0.31,0.246,0.288,0.321,0.27,0.253,74,-0.9,-9.5,1.2,0.1
294,Nick Senzel,2 Tms,74,267,7,25,18,1,10.50%,22.80%,0.136,0.232,0.195,0.283,0.331,0.273,0.301,73,-0.7,-9,-5,-0.5
295,Vidal Bruján,MIA,102,278,2,32,16,5,9.00%,19.40%,0.097,0.276,0.222,0.303,0.319,0.276,0.262,73,-1,-10.1,-2.4,-0.3
296,Ildemaro Vargas,WSN,97,303,1,21,30,9,6.30%,10.20%,0.07,0.269,0.246,0.295,0.316,0.271,0.278,72,-0.8,-10.8,1.1,0
297,Orlando Arcia,ATL,157,602,17,50,46,2,6.80%,21.30%,0.136,0.249,0.218,0.271,0.354,0.273,0.263,72,-1.1,-21.2,8.5,0.8
298,Jared Triolo,PIT,125,446,9,41,46,8,9.40%,26.50%,0.099,0.279,0.216,0.296,0.315,0.275,0.289,72,0,-15,3.9,0.4
299,Jake Rogers,DET,102,337,10,43,36,1,6.50%,29.40%,0.155,0.251,0.197,0.255,0.352,0.264,0.3,71,-0.6,-11.9,22.2,2.2
300,Keibert Ruiz,WSN,127,485,13,46,57,3,3.30%,11.10%,0.131,0.232,0.229,0.26,0.359,0.268,0.28,71,-1.1,-18.1,-0.5,-0.3
301,Bo Bichette,TOR,81,336,4,29,31,5,6.00%,19.00%,0.096,0.269,0.225,0.277,0.322,0.264,0.302,71,-0.4,-11.7,3.5,0.3
302,Jonah Heim,TEX,131,491,13,45,59,1,5.30%,18.30%,0.115,0.246,0.22,0.267,0.336,0.265,0.277,70,-2.9,-19.5,1.9,-0.1
303,Nolan Jones,COL,79,297,3,28,28,5,12.10%,30.60%,0.094,0.333,0.227,0.321,0.32,0.287,0.288,70,-0.4,-11.2,-6.7,-0.8
304,Nick Gordon,MIA,95,275,8,29,32,5,4.00%,24.40%,0.142,0.271,0.227,0.258,0.369,0.271,0.267,69,-2.8,-12.9,-4.1,-0.8
305,Maikel Garcia,KCR,157,626,7,84,58,37,6.70%,16.50%,0.101,0.268,0.231,0.281,0.332,0.27,0.303,69,8.1,-13.9,4.1,1.1
306,Johan Rojas,PHI,120,363,3,47,32,25,3.60%,19.00%,0.08,0.297,0.243,0.279,0.322,0.265,0.253,68,4.8,-9.2,8.4,1.2
307,Joey Meneses,WSN,76,313,3,19,42,2,6.70%,20.10%,0.071,0.281,0.231,0.291,0.302,0.264,0.276,68,-0.1,-12.3,-7.6,-1
308,Dylan Carlson,2 Tms,96,265,3,19,25,2,8.30%,28.30%,0.068,0.288,0.209,0.287,0.277,0.257,0.256,67,0.3,-10.2,-8.7,-1
309,Chas McCormick,HOU,94,267,5,32,27,8,6.40%,27.00%,0.095,0.274,0.211,0.271,0.306,0.257,0.29,66,-0.5,-10.9,0.3,-0.2
310,Thairo Estrada,SFG,96,381,9,43,47,2,2.60%,19.90%,0.126,0.249,0.217,0.247,0.343,0.256,0.264,64,0.1,-16.2,7.2,0.4
311,Korey Lee,CHW,125,394,12,36,37,6,4.30%,31.00%,0.138,0.276,0.21,0.244,0.347,0.257,0.259,64,0.9,-15.2,-1.5,-0.4
312,Michael Siani,STL,124,334,2,42,20,20,6.30%,27.50%,0.057,0.322,0.228,0.285,0.285,0.257,0.241,64,2.8,-11.6,10.7,1.1
313,Adam Frazier,KCR,104,294,4,35,22,3,7.50%,20.10%,0.092,0.246,0.202,0.282,0.294,0.261,0.289,63,0.2,-12.2,-3.3,-0.6
314,Jack Suwinski,PIT,88,277,9,29,26,9,9.70%,28.50%,0.142,0.225,0.182,0.264,0.324,0.26,0.295,62,1.3,-11.3,-8.8,-1.1
315,Christian Vázquez,MIN,93,315,7,29,27,3,3.50%,20.60%,0.105,0.257,0.221,0.248,0.327,0.25,0.269,60,-2.5,-16.8,14.1,0.8
316,Taylor Walls,TBR,84,252,1,27,14,16,12.30%,26.60%,0.064,0.255,0.183,0.282,0.248,0.245,0.256,60,1.2,-10.2,0.3,-0.2
317,Ke'Bryan Hayes,PIT,96,396,4,38,25,11,5.80%,18.90%,0.058,0.279,0.233,0.283,0.29,0.256,0.278,59,0.4,-18.9,6.4,0.1
318,Adam Duvall,ATL,104,330,11,29,30,0,6.40%,30.00%,0.142,0.227,0.182,0.245,0.323,0.252,0.289,58,-0.3,-16.8,-4,-1
319,Nick Fortes,MIA,110,335,4,28,29,0,3.30%,12.20%,0.091,0.246,0.227,0.259,0.318,0.252,0.245,57,-2.2,-19.5,13.7,0.6
320,Kevin Kiermaier,2 Tms,116,281,5,31,26,6,4.30%,30.60%,0.116,0.272,0.197,0.237,0.313,0.241,0.233,54,-0.1,-14.9,8.7,0.3
321,Michael A. Taylor,PIT,113,300,5,35,21,12,7.70%,35.00%,0.097,0.288,0.193,0.253,0.29,0.242,0.272,50,2.6,-15.4,9.6,0.4
322,Eddie Rosario,2 Tms,91,319,10,33,35,9,5.00%,24.10%,0.141,0.196,0.175,0.215,0.316,0.23,0.259,45,2,-19.1,-11.1,-2
323,Javier Báez,DET,80,289,6,25,37,8,4.20%,23.90%,0.11,0.22,0.184,0.221,0.294,0.224,0.268,43,0.6,-18.3,2,-0.7
324,Brandon Drury,LAA,97,360,4,28,15,1,7.50%,22.50%,0.058,0.21,0.169,0.242,0.228,0.217,0.261,34,-1.9,-28.9,-3.3,-2.1